Year,AnnualReturn
2020,0.0
2021,0.004095300000000135
2022,0.12712279402164528
2023,-0.010912412909446445
