Year,AnnualReturn
2020,-0.015164610000000023
2021,-0.0051670157791556814
2022,0.05126328923802537
2023,0.03244279209710821
