Year,AnnualReturn
2020,-0.005163389999999768
2021,-0.042366595254270556
2022,-0.033361152142056816
2023,-0.04298484435395267
